P1,P2,P3,P4,P5,Predict-P1,Predict-P2,Predict-P3,Predict-P4,Predict-P5
134.83458872,645.8445548,740.09707416,346.49293936000004,159.30918136,169.42105,665.74054,740.36115,338.05902,154.69742
134.88538592,646.0067715199999,740.04374192,346.39595128,159.12420792,169.25648,665.73535,740.29236,338.0504,154.50905
134.92358592,646.17942672,740.0907469599999,346.30874872,158.93486199999998,169.1138,665.7261,740.1906,338.07516,154.26213
134.95003728,646.34979112,740.1354489600001,346.25579448,158.73207192,168.98982,665.761,740.3376,338.09332,154.19264
135.000736,646.54331064,740.1638408800001,346.21178112,158.51867912,168.89157,665.8187,740.6654,338.15012,154.26938
135.08267856,646.7264364,740.0930272,346.1638932,158.32325776,168.68365,665.85925,740.34644,338.02176,154.17612
135.1254928,646.8629404,740.0108408,346.12765368,158.16964696,168.53242,665.86475,740.1124,338.02646,153.90541
135.18299263999998,647.0428222400001,739.9420656799999,346.1054464,157.98356104,168.57248,665.9023,740.8663,338.3306,153.92146
135.253148,647.19802752,739.9199853599999,346.04326247999995,157.82074448,168.3635,665.93463,740.4371,338.20145,153.88828
135.31492056,647.32406456,739.96125168,346.01318256,157.65527975999998,168.2016,665.93805,740.0815,338.12238,153.69559
135.35753008,647.44461336,739.9431912800001,346.00795808000004,157.47661464,168.16125,665.92706,740.37115,338.2884,153.48918
135.37721264,647.5810245600001,739.88211824,345.98529840000003,157.31752712,168.10373,665.9339,740.6602,338.41437,153.46555
135.42407568000002,647.6982412,739.80480376,345.95145272,157.15634848,167.93182,665.97046,740.5764,338.33737,153.66948
135.51310992,647.81354192,739.6495351200001,345.9432404,156.99138136,167.84001,665.9764,740.6607,338.38254,153.68275
135.61024424,647.92127152,739.48568856,345.88967664000006,156.850024,167.78618,665.9457,740.5343,338.47357,153.38362
135.67219288,648.04778496,739.23520512,345.83032792,156.70034808,167.66924,665.8885,740.1274,338.46136,153.04813
135.71240376,648.09983704,738.92011232,345.77252152,156.5564896,167.43616,665.87634,739.4424,338.2484,153.04391
135.78882256,648.19430072,738.68537808,345.7185124,156.42920232,167.50372,665.8619,740.0071,338.52396,153.1755
135.82411496,648.26719024,738.4316590399999,345.718142,156.31868744,167.39062,665.83417,739.6811,338.4814,153.10474
135.90974672000002,648.34977256,738.2493739199999,345.7023524,156.22585392,167.29977,665.8072,739.6753,338.53928,153.19193
135.97286504,648.43252632,738.1637312799999,345.6771056,156.10769448,167.22417,665.7585,739.42346,338.57587,153.00018
136.01539584,648.52455872,738.13353608,345.65789128000006,156.01885632,167.09996,665.7179,739.13226,338.53693,152.87943
136.05863024,648.56090816,738.14338872,345.65503343999995,155.91239224,166.91359,665.6923,738.75214,338.41702,152.83456
136.0490484,648.62768464,738.1267677599999,345.61562712,155.79251576,166.92563,665.63074,739.1628,338.64807,152.68639
136.03215936,648.6639288,738.12694824,345.63366016,155.67663056,166.75139,665.6108,739.1162,338.59216,152.79161
136.03457928,648.714,738.21085768,345.62747136,155.5630008,166.67125,665.57324,739.5052,338.74048,152.8618
136.00550224,648.78405672,738.21909296,345.648328,155.4419812,166.57062,665.52985,739.7165,338.8292,152.7895
136.01373752,648.8424004,738.2844844000001,345.65386176,155.33839824,166.36446,665.5026,739.5958,338.78732,152.81355
136.01569,648.8966084,738.37639784,345.65203656,155.21790464,166.23203,665.442,739.5242,338.84045,152.5583
135.96795744000002,648.94924912,738.4548992000001,345.64569967999995,155.09350768000002,166.04372,665.36316,739.29126,338.82376,152.25433
135.87677384,648.94995816,738.5478492799999,345.61134128,154.95926656,165.79294,665.32886,739.15076,338.70343,152.33719
135.82489655999998,648.97207704,738.59659752,345.55127088,154.85884912,165.74013,665.3139,740.0576,338.89053,152.6381
135.80901047999998,648.98622184,738.6209327199999,345.53878592,154.63914696,165.59969,665.24084,740.3176,338.981,152.5045
135.7507596,649.05065904,738.668046,345.48803568000005,154.4307004,165.5026,665.11285,740.4282,339.15884,151.96346
135.66740224,649.1297976000001,738.6418017599999,345.46844824,154.24634616,165.1984,665.0611,739.91797,338.94608,151.75636
135.60057488,649.1672832,738.77504368,345.41085096,154.04033392,164.85098,665.0492,739.48584,338.66916,151.8907
135.60107144,649.20152552,739.0824827199999,345.33828752,153.86462728,164.8049,665.0431,740.3768,338.83936,152.01128
135.641692,649.28151384,739.27625792,345.27324744,153.69311879999998,164.80545,665.0025,741.1303,338.9976,151.82523
135.70800232,649.32398424,739.60644728,345.21650472,153.53515248,164.57526,664.94714,740.621,338.74615,151.54933
135.7952612,649.3923438400001,739.93904176,345.13851008,153.36405648,164.5614,664.8965,741.0742,338.7946,151.33853
135.8877804,649.46779752,740.17938288,345.10217024,153.22457208,164.5613,664.8814,741.57135,338.81677,151.23395
135.98561656,649.58224008,740.4784716,345.09034864,153.09790008,164.57094,664.87805,742.0812,338.8618,151.25148
136.11018776,649.68685168,740.8628194400001,345.0757804,152.9430868,164.49747,664.90204,742.19977,338.76392,151.25018
136.23082768,649.82087112,741.2352776,345.06280672,152.82362784,164.5127,664.8957,742.5479,338.81155,150.99141
136.316576,649.9308389600001,741.5864356,345.070302,152.70430704,164.43208,664.89935,742.46204,338.71298,150.70667
136.3420608,650.0498944,741.8976240799999,345.07115080000005,152.581296,164.4601,664.9403,742.9901,338.77466,150.72083
136.43080392,650.18489056,742.02072728,345.027454,152.47895352,164.4298,665.0239,743.5615,338.78787,151.04378
136.5225224,650.31358504,742.11212192,344.99991071999995,152.39280872,164.39954,665.049,743.6434,338.7993,150.85643
136.58332096,650.49409456,742.14417568,344.95724543999995,152.27500071999998,164.48985,665.06793,744.142,339.04333,150.4834
136.62620368,650.711738,742.08253144,344.93164728000005,152.17458328,164.41017,665.1467,744.04285,338.98502,150.39432
136.68456136,650.90502448,742.0216680000001,344.8859784,152.07539416,164.20163,665.278,743.46246,338.69882,150.55914
136.78830048,651.08041024,742.00392896,344.876206,151.98563592,164.15997,665.39984,743.5209,338.66998,150.6493
136.91325208,651.23547952,741.89574712,344.83615472,151.87779584,164.25197,665.4992,743.81555,338.8238,150.49301
137.03321768,651.38691792,741.80612904,344.80409472,151.77157864,164.30515,665.55206,743.8604,338.93112,150.26079
137.16844432,651.51551376,741.7292179199999,344.7854372,151.6481256,164.24864,665.6108,743.4286,338.7966,150.19226
137.29484136,651.5964383200001,741.6009238400001,344.79397336,151.56509680000002,164.20074,665.6377,742.9706,338.65805,150.05717
137.4013328,651.68476,741.5549277599999,344.77357600000005,151.45648496,164.30186,665.6418,743.1432,338.8088,149.93805
137.51637096000002,651.7661132000001,741.5304824,344.76600664,151.37560432,164.36664,665.65686,743.29315,338.87955,149.86443
137.60485968,651.8863076800001,741.46315728,344.70591848,151.24325896,164.47035,665.6734,743.46094,338.9922,149.73593
137.71292984,652.01426568,741.38868744,344.65097944,151.14774015999998,164.39755,665.71985,743.1795,338.83783,149.77766
137.83518832,652.12483408,741.40856568,344.67166704000005,151.0402424,164.3605,665.7829,742.9379,338.69412,149.83118
138.02647152,652.24805368,741.490158,344.66442352,150.95512416,164.46358,665.8428,743.1709,338.775,149.82637
138.21109016,652.3540732,741.5393377600001,344.65152216,150.91142016,164.53867,665.86523,742.9915,338.75363,149.5437
138.39991288,652.45635352,741.56098432,344.6749388,150.83683639999998,164.63918,665.89325,743.01373,338.78128,149.42145
138.56497752,652.55267,741.6388095200001,344.6721348,150.76165559999998,164.77669,665.9455,743.16534,338.8548,149.43756
138.76112768000002,652.68003808,741.8247792000001,344.70408112,150.70920632,164.91922,666.01447,743.41876,338.90674,149.55093
138.92556711999998,652.78328424,742.02093232,344.724222,150.65311488,164.92929,666.03723,743.10004,338.80936,149.29567
139.02463384,652.91326104,742.33073728,344.75562872,150.61303568,165.08087,666.0694,743.2912,338.96207,149.00562
139.087968,653.02846248,742.57354208,344.81808504,150.58215296,165.1745,666.1649,743.7013,339.03845,149.03735
139.131358,653.19114128,742.6547071199999,344.84520656,150.53531759999998,165.25854,666.27454,744.235,339.13968,149.2468
139.21857864,653.27791192,742.72774408,344.8543952,150.47792616,165.08998,666.4016,743.91,338.84332,149.50998
139.34643792,653.39276768,742.7977616,344.8819552,150.4525496,165.19124,666.455,744.126,338.98026,149.44641
139.44596272,653.42666088,742.81356808,344.92008064000004,150.41002120000002,165.18564,666.483,743.82666,338.93732,149.19467
139.59194136,653.51598144,742.7402079999999,344.96049824,150.37495984,165.46857,666.5155,744.5332,339.34436,149.1728
139.70978072,653.59010552,742.63934352,345.02241616,150.33963352,165.47536,666.53217,744.1194,339.2789,148.97272
139.81215512,653.66465328,742.65777552,345.0664672,150.27058448,165.45097,666.555,743.71954,339.17374,148.93022
139.8974136,653.70295688,742.7334418400001,345.08300424000004,150.19661624,165.46872,666.6105,743.64105,339.09555,149.0285
140.02250136,653.74288504,742.87798168,345.097296,150.18534856,165.6272,666.6557,744.1043,339.26657,149.15529
140.1264664,653.80011224,743.0189118399999,345.16302184,150.1536156,165.73209,666.6647,744.166,339.31638,149.0076
140.22806712,653.81821888,742.9980202400001,345.25124072,150.090426,165.73088,666.68945,743.9413,339.20096,148.90532
140.29873008,653.87178992,742.9380040000001,345.30361992,150.03894328,165.93546,666.7079,744.24805,339.47,148.80974
140.38665328,653.9504090400001,742.87115632,345.3710072,149.99214608,165.99977,666.7494,744.28625,339.54868,148.82825
140.44001592,654.03233784,742.75773512,345.46544384000003,149.9401728,166.00082,666.80096,743.9561,339.4889,148.71689
140.49629472,654.1211300800001,742.59153912,345.5024852,149.88923752,166.01768,666.87933,743.77155,339.49008,148.75706
140.57561343999998,654.20280696,742.3367139200001,345.57185072,149.86442784000002,166.05345,666.96436,743.5912,339.499,148.77618
140.64061728,654.26806952,741.97459192,345.6320624,149.87651544,166.17902,667.0483,743.4642,339.65067,148.68593
140.72551296,654.37383184,741.57128432,345.72812936,149.85993768,166.31396,667.1234,743.4212,339.8342,148.72691
140.83731344,654.4401153599999,741.1100564000001,345.7755488,149.8420208,166.26527,667.2129,742.592,339.6705,148.70792
140.92290424,654.4962452,740.6368387199999,345.8559748,149.79155408,166.35968,667.26654,742.0667,339.72495,148.57358
141.049994,654.5478631999999,740.2110324,345.92811671999993,149.77333288,166.48074,667.335,741.7936,339.8516,148.58856
141.14622047999998,654.6065832,739.8078351199999,345.99108784,149.7597312,166.57387,667.3733,741.2358,339.87613,148.46725
141.27222592,654.63586616,739.39835256,346.04638544,149.75607,166.63026,667.45,740.7142,339.81546,148.5598
141.38586976,654.69186528,739.01680752,346.12449952000003,149.7369924,166.86336,667.50714,740.7109,340.03165,148.55682
141.52449968000002,654.77438304,738.71245992,346.18465016000005,149.74035207999998,167.02525,667.5962,740.46124,340.10843,148.61838
141.66530584,654.84027024,738.4470616,346.23898224,149.7714104,167.06944,667.65875,739.7323,340.01675,148.46957
141.74692664,654.9148552,738.1419668799999,346.32231088000003,149.7818276,167.22844,667.7239,739.3327,340.0688,148.27025
141.83792376,654.97445016,737.87961688,346.39467648,149.79816256,167.27734,667.8143,738.91864,340.016,148.38443
141.90197007999998,654.98933312,737.62381056,346.44627304,149.79302728000002,167.40439,667.907,738.69,340.04144,148.4651
141.98521,655.05007984,737.31811816,346.50156176,149.84858104,167.63959,667.98846,739.0517,340.26953,148.63315
142.09305736,655.05256152,737.07158712,346.55522712,149.8398044,167.64656,668.0618,738.33936,340.1214,148.67854
142.21151952,655.09371288,736.8377751200001,346.66513888000003,149.85303464,167.85796,668.0789,738.34015,340.31604,148.51453
142.30846992,655.13032016,736.6494753599999,346.72061568,149.84807336,167.91476,668.11316,737.647,340.23993,148.35432
142.39984536,655.14389952,736.54856056,346.81899832000005,149.87711167999998,167.98378,668.1835,737.24756,340.15314,148.45322
142.51065032,655.18382824,736.4561648,346.93602400000003,149.8965896,168.24684,668.27386,737.74713,340.3824,148.6534
142.65258992,655.24027944,736.3606824,347.05435151999995,149.91819632,168.4755,668.36755,737.8687,340.5317,148.6904
142.7647976,655.34091408,736.2499524,347.14540488,149.95269096,168.61522,668.4255,737.47534,340.5828,148.45422
142.84403656,655.39833624,736.15414336,347.27136720000004,149.95199807999998,168.62993,668.54236,736.6523,340.40256,148.39355
142.91451232,655.47460928,736.03853248,347.40893016,149.97423096,168.90268,668.67865,737.1047,340.68027,148.49956
142.9785496,655.57453808,735.8633904799999,347.58996536,149.9619672,169.07661,668.81744,737.15,340.81277,148.57608
143.02247848,655.61485816,735.62433312,347.72029288,149.9540988,169.08339,668.9387,736.5007,340.7409,148.55643
143.07731392,655.6874748,735.352792,347.88144312,149.96243592000002,169.30615,669.0447,736.7596,341.0312,148.55785
143.09550296,655.73368344,735.1043554400001,348.02879632,149.92792272,169.34048,669.14374,736.1086,341.04398,148.46884
143.12346744,655.76837128,734.84436312,348.21805312,149.94790744,169.38548,669.2313,735.7962,341.1259,148.51419
143.15089344,655.8086775999999,734.66131536,348.45929872,149.99008752,169.49039,669.3025,735.549,341.32883,148.41197
143.11844032000002,655.8498192799999,734.56163056,348.67560944,149.98246976,169.60484,669.37415,735.37524,341.58072,148.24637
143.0991216,655.9252599199999,734.6382980799999,348.96099368,149.99936216,169.74327,669.49646,735.7292,341.88254,148.42323
143.10026392,656.00815256,734.88949536,349.2055996,150.09816096,169.78543,669.62744,735.6625,342.03378,148.51236
143.08469056,656.10670392,735.09437584,349.48499808,150.11790168,169.8066,669.76013,735.4511,342.08286,148.50916
143.10293656,656.14066408,735.30259088,349.72491552,150.115782,169.79968,669.9122,735.2498,342.11414,148.63123
143.16242632,656.21712,735.4729327199999,349.99451480000005,150.13162928,170.10013,670.02686,736.25757,342.656,148.59377
143.20269456,656.31726736,735.5916804000001,350.22283431999995,150.12056712,170.25365,670.1451,736.2967,342.88162,148.42793
143.260888,656.395488,735.5670314399999,350.47314592000004,150.12546896,170.32536,670.2932,736.1926,342.97635,148.49922
143.36000208,656.5380306399999,735.47637688,350.72475984,150.09756496,170.61478,670.45325,736.79126,343.39905,148.55698
143.44506528,656.69066704,735.41977224,350.99427152,150.06487528,170.67993,670.6069,736.2009,343.47833,148.41327
143.54535968,656.823416,735.3918212,351.25661352000003,150.02479576,170.723,670.7931,735.5591,343.47,148.38713
143.64115912,656.9368516,735.34855744,351.54492824,149.96969032,170.92963,670.9795,735.5803,343.72018,148.32338
143.75160168,657.08717512,735.3990546399999,351.78189608,149.99629575999998,171.22163,671.1471,736.0187,344.16412,148.243
143.82294768,657.2245269599999,735.4203152,352.06092535999994,150.0034912,171.41853,671.3542,735.9017,344.3468,148.1693
143.9515164,657.4086984,735.58873048,352.3075412,150.01777552,171.6591,671.56354,736.25006,344.67056,148.25885
144.03947920000002,657.60707032,735.66013656,352.54225496,150.02910319999998,171.807,671.7738,735.95026,344.76645,148.09947
144.16251943999998,657.79151576,735.6236552,352.78518872,150.0557556,171.93466,672.0349,735.7804,344.83972,148.27347
144.30425424,657.96346856,735.44949192,353.03253879999994,150.1341768,172.22813,672.2915,736.14606,345.15768,148.44612
144.52831288,658.1891826400001,735.31802312,353.27252232,150.24746575999998,172.55116,672.5436,736.351,345.50247,148.56451
144.71219720000002,658.34784576,735.17188848,353.45699399999995,150.39756111999998,172.5965,672.72906,735.0457,345.3786,148.30202
144.90610512,658.48036712,735.0782962400001,353.688262,150.53297264,172.94984,672.9429,735.21,345.73572,148.34244
145.06388864000002,658.6766904,734.94015144,353.93862584000004,150.7196064,173.39027,673.14404,735.8026,346.20078,148.44441
145.23034832,658.78904976,734.8866387200001,354.1184424,150.85948824,173.42795,673.3716,734.8926,346.058,148.7543
145.37956599999998,658.9461904000001,734.99217888,354.33255656,150.97724832,173.70618,673.54364,735.0279,346.28775,148.92532
145.56456504,659.0401094399999,735.04064848,354.50762968000004,151.07008976,173.80638,673.7292,734.5984,346.2416,149.05698
145.69045264,659.14209552,735.13242768,354.69084096,151.13928568,174.2304,673.8658,735.264,346.7362,148.92284
145.83124976000002,659.32567,735.3066452799999,354.84027464,151.20851784,174.63158,674.06006,736.2645,347.20117,149.08698
145.98089896,659.52315904,735.5408504000001,354.97946952,151.2352124,174.58757,674.2342,735.53876,346.97876,149.158
146.11235856,659.6511552799999,735.79690128,355.08579944,151.2526408,174.57292,674.42834,734.8289,346.7488,149.07976
146.21610791999998,659.8221249599999,736.10111944,355.20532736,151.26547984,174.92767,674.6067,735.8522,347.1946,149.0576
146.35189200000002,660.00677048,736.4980646399999,355.32015048,151.30014992,175.11497,674.8401,736.3404,347.32245,149.22073
146.48407312,660.17029576,736.9106885599999,355.44429632,151.34550240000002,175.23874,675.04767,736.5087,347.33148,149.2092
146.6216688,660.3788292,737.28887208,355.56983192,151.35790256,175.54044,675.26227,737.4493,347.65524,149.19223
146.77499464000002,660.60987696,737.6026953600001,355.66313664,151.35367488,175.72203,675.5083,737.8426,347.77945,149.20361
146.92466367999998,660.8477304,737.94260648,355.79276208000005,151.38264432,175.75505,675.7364,737.6309,347.6695,149.20348
147.11176831999998,661.02441232,738.2158224,355.94098024,151.38258439999998,175.78168,675.9809,737.46564,347.55402,149.28075
147.30108032,661.2117364,738.5095351199999,356.08435632,151.40838936,176.10713,676.2036,738.23016,347.9246,149.21883
147.50954376,661.38064952,738.74190808,356.2591588,151.42536912,176.37782,676.42725,738.8603,348.21136,149.24315
147.73410824,661.58764184,738.93664072,356.4076752,151.45305912,176.65796,676.6451,739.3957,348.46973,149.3284
147.99297928,661.7582834399999,739.1631123200001,356.60750824,151.48113984,176.73087,676.8638,739.0437,348.38116,149.41823
148.26118592,661.91283128,739.3975264000001,356.732808,151.50365488,176.93442,677.04016,739.1151,348.52048,149.3492
148.50839752,662.0316120800001,739.61723224,356.86433832,151.49819528,177.18198,677.20514,739.34344,348.68558,149.27573
148.74629951999998,662.13721368,739.75732408,356.9596412,151.51457832,177.45007,677.3662,739.738,348.86108,149.35881
148.98160784,662.2054948800001,739.85590256,357.09144480000003,151.57763232,177.59148,677.4726,739.675,348.89764,149.36232
149.1625948,662.24762392,740.0198076,357.18967,151.58899768,177.79216,677.5397,739.7567,349.05978,149.21016
149.33675304,662.29321112,740.22569544,357.2419896,151.62605159999998,178.02173,677.6035,740.30664,349.2975,149.1996
149.45275632000002,662.3712519999999,740.4760184,357.27087784,151.63136304,178.13606,677.6715,740.4377,349.29733,149.28487
149.62528616,662.38829984,740.695586,357.26968024,151.6851016,178.04613,677.79285,740.203,348.99512,149.69254
149.82499760000002,662.4196895199999,740.91437576,357.27063576,151.71365064,178.2961,677.84924,741.08264,349.2443,149.79128
150.07460992,662.4890597599999,741.3464873600001,357.24005936000003,151.7418872,178.52312,677.88965,741.73083,349.46036,149.68147
150.30323208,662.54618856,741.993506,357.23001176,151.78595848,178.57564,677.91833,741.5393,349.31635,149.3819
150.48955704,662.60348312,742.65612208,357.20258848,151.82120712,178.6674,677.98364,741.89746,349.19247,149.38362
150.7092328,662.6389999200001,743.27869632,357.15306904,151.87103048,178.7573,678.1002,742.62195,349.05127,149.77065
150.92961128000002,662.63765736,743.79629304,357.0794576,151.90821024000002,178.97462,678.1805,743.65247,349.1512,149.89368
151.15007744000002,662.6850058399999,744.3618760800001,357.0312964,151.98712895999998,179.28838,678.21106,744.94543,349.4556,149.80339
151.33854888,662.7267788800001,744.8931964,356.98667368,152.06699648,179.27489,678.2308,744.7873,349.23425,149.63203
151.44536304,662.6821356800001,745.3290803200001,356.962356,152.1016,179.195,678.2527,744.6281,348.92435,149.67209
151.6363392,662.6701867200001,745.7004979999999,356.90414936,152.13695056,179.3805,678.28925,746.0622,349.14215,150.10333
151.78742304,662.60652152,746.09691296,356.77648888000004,152.18490224,179.33667,678.2554,745.9974,348.91718,150.08727
151.96259656,662.5488758399999,746.65830968,356.61036928,152.21365528,179.34796,678.209,746.52057,348.8073,150.29204
152.20795304,662.4570968,747.2843885599999,356.4332376,152.26528584,179.45128,678.1775,747.33563,348.7653,150.42567
152.4360484,662.4484622399999,747.96454976,356.26838096,152.33544648,179.78055,678.0739,748.6057,349.0831,150.09349
152.62258896,662.49046768,748.50694216,356.10351936,152.38304503999998,179.75987,678.0346,748.71704,348.79114,149.9322
152.79766424,662.44998456,749.05168432,355.9298324,152.4020548,179.48685,678.04486,748.17596,348.0783,150.17911
153.02736056,662.4097320799999,749.64928816,355.73464904,152.41282416,179.61946,678.05457,749.2974,348.07645,150.54451
153.27346856,662.33571096,750.31043568,355.53658872,152.41726712,179.79869,678.0326,750.28534,348.10764,150.67923
153.614134,662.2844461599999,751.02175088,355.37636511999995,152.44928944,179.98422,677.9855,751.2046,348.1087,150.78523
153.91466864,662.18591096,751.56327928,355.14722904,152.44381471999998,180.01538,677.8775,751.3432,347.79178,150.60736
154.26664344,662.0976944,752.21268944,354.93341439999995,152.43089512,180.11328,677.76886,751.8886,347.63232,150.72868
154.60969016,661.95397808,752.98407232,354.74624880000005,152.45681872,180.19124,677.6238,752.1187,347.3768,150.53151
154.8528828,661.826628,753.75720496,354.55367256,152.42743008,180.39839,677.43005,752.75305,347.40353,150.20714
155.04682592,661.68526688,754.64623752,354.35653624,152.42931280000002,180.41873,677.3063,753.45654,347.12137,150.45859
155.2525892,661.5177685599999,755.57133584,354.155032,152.45226807999998,180.41554,677.1953,754.40173,346.8638,150.86655
155.47594352,661.3960026399999,756.3670506399999,353.93597952,152.38169728,180.54192,677.03687,755.3723,346.85864,150.95464
155.69383408,661.2789385599999,756.9950723200001,353.72985368,152.34694912,180.53517,676.8707,755.8554,346.6577,150.82202
155.91279616,661.20819912,757.5355440799999,353.53692456,152.3543892,180.58105,676.7234,756.3685,346.57825,150.8136
156.17552032,661.1602229599999,757.8995840800001,353.30250728,152.34319888,180.57707,676.64386,756.7124,346.35898,150.9775
156.45537048,661.12576832,758.13108912,353.122846,152.34416608,180.52423,676.5403,756.8264,346.063,150.98184
156.72129576,661.06874416,758.2027336799999,352.9330708,152.38235096,180.49898,676.445,756.8803,345.83044,150.93407
156.99340704,661.05173744,758.06753928,352.73586552,152.44116808,180.60559,676.3706,757.0719,345.79736,150.97946
157.24685272,660.99919816,757.8010263199999,352.57084104,152.45273696,180.58914,676.28845,756.95197,345.6179,150.92384
157.44770696,661.0026322399999,757.4202530399999,352.38256104,152.44852032,180.78313,676.2139,757.0696,345.82837,150.8943
157.65014136,661.03210832,756.9576368,352.18098368,152.46391808,180.72128,676.19165,756.9071,345.6351,151.13754
157.8520776,661.03420424,756.5600784799999,351.999358,152.43666768,180.44424,676.1637,756.3019,345.10486,151.30367
158.05794736,660.9544712,756.1166016,351.80863024,152.41858392,180.25496,676.0941,755.7367,344.77048,151.30952
158.26525112,660.87749136,755.64928632,351.67307912,152.38184416,180.35713,675.9736,755.6302,344.9686,151.16322
158.42499616,660.76844552,755.15117664,351.57341648,152.35113664,180.35902,675.83496,755.2727,345.01288,151.01486
158.57497544,660.70655576,754.5087228,351.43977552,152.33695111999998,180.32713,675.71375,755.14233,345.035,151.19635
158.76322328,660.6088936,753.8731932,351.34819008,152.33142519999998,180.04305,675.5814,754.49426,344.69516,151.37398
158.91610008,660.52492872,753.30710936,351.20160848,152.30245656,179.98558,675.41174,754.0,344.73697,151.18991
159.04533688,660.4287253599999,752.7637871999999,351.04553464,152.24241024,179.89676,675.2669,753.68713,344.73926,151.12483
159.18004416,660.32809,752.28983608,350.8961008,152.1771096,179.73094,675.1115,753.34204,344.6424,151.1524
159.28549232,660.1634784800001,751.8023396,350.72985760000006,152.11405672,179.42972,674.92303,752.6285,344.31104,151.13452
159.42648608,659.9658348,751.31314632,350.52562536,151.99841752,179.19673,674.70337,752.18555,344.11288,151.22893
159.5482744,659.70189368,750.9343945600001,350.32884528,151.857058,179.05687,674.4415,751.87244,344.03833,151.1762
159.7032608,659.48160824,750.55192072,350.16538616,151.7557224,179.1499,674.16034,752.54266,344.34146,151.23415
159.90315728,659.30947688,750.2420343199999,349.9955556,151.6727892,179.02823,673.86993,752.3269,344.2728,151.09439
160.03680287999998,659.13863568,749.8897002399999,349.71908640000004,151.57662768,178.68338,673.54297,751.12854,343.85046,150.6773
160.15454400000002,658.9617424,749.48944032,349.41707560000003,151.4583896,178.38876,673.2911,750.3161,343.45557,150.68365
160.26952376,658.782662,749.2634736800001,349.1617112,151.32754792,178.18874,673.0564,750.05963,343.25897,150.82982
160.41673224,658.5927636800001,748.99446216,348.95753728000005,151.20554192,178.11829,672.8421,750.46344,343.2704,150.91953
160.5663108,658.48316976,748.5959122400001,348.75550936,151.13654976,178.17845,672.61066,751.1232,343.45908,150.82721
160.74100592000002,658.39975792,748.15319904,348.49151552,151.11872272,177.91231,672.40875,750.37024,343.13382,150.8197
160.92802423999998,658.28251712,747.72024304,348.1623944,151.04866816,177.60199,672.215,749.22894,342.68427,150.7928
161.12853576,658.15268368,747.2236152,347.80314256,151.01039408,177.49332,672.01904,748.9111,342.54666,150.69273
161.30630488,658.0255212799999,746.6696387999999,347.50236336,150.95135384,177.32007,671.7866,748.1802,342.26883,150.53302
161.48021032,657.80149976,746.19501072,347.19294232,150.90556328,177.01953,671.5566,746.9991,341.75177,150.58957
161.62942696,657.5801397600001,745.7007000000001,346.87784800000003,150.86577608,177.17017,671.3255,747.78314,341.96146,150.81877
161.88209208,657.44420304,745.1315051199999,346.58731848,150.8394252,177.2993,671.113,748.53107,342.09482,151.17181
162.13514784,657.3161308,744.49697856,346.21840888,150.79009752,176.98668,670.8202,746.98083,341.53473,150.90715
162.34574904,657.1321640799999,743.84899424,345.88619576,150.72118752,176.6211,670.5207,745.2352,340.83142,150.56389
162.54587072,656.9396495999999,743.27859976,345.58041816,150.62489704,176.53967,670.26526,744.7876,340.64835,150.52638
162.72776624,656.7507669600001,742.52746016,345.35181144,150.53303319999998,176.53398,670.01807,744.72296,340.58453,150.57883
162.88928776,656.58203024,741.78706448,345.1049628,150.43164624,176.56952,669.804,744.6953,340.60803,150.74248
163.10620336,656.5060477599999,741.04397664,344.86277696,150.35396688,176.63397,669.6238,744.87335,340.68408,150.92635
163.30675304,656.5076378399999,740.3356696,344.60318048,150.27850296,176.41289,669.42053,743.6875,340.35513,150.68813
163.48955736,656.48484488,739.586048,344.34813712000005,150.17516472,176.02309,669.27167,741.9098,339.73993,150.36597
163.5855976,656.46479368,738.88604752,344.11627624,150.10812760000002,175.95876,669.14124,741.2159,339.6919,150.04013
163.6419468,656.4406332,738.2563702399999,343.83731664,150.01718,176.00113,669.09937,741.3816,339.8648,150.1595
163.71550728,656.48396696,737.6768420000001,343.588814,149.92418208,175.92482,669.0606,741.4003,339.8109,150.41853
163.78288152,656.38529224,737.10893656,343.28450472,149.88842656,175.45053,669.00714,739.9553,339.10645,150.488
163.88703023999997,656.30649624,736.6059120799999,343.00007528000003,149.81248464,175.38065,668.8557,739.87885,339.12454,150.47134
163.99005664,656.1440124000001,736.3740304799999,342.76573192,149.73851648,175.07843,668.65906,739.0073,338.7528,150.28912
164.11809264,655.9348699999999,736.414088,342.58659904,149.66496712,174.9738,668.4192,738.8792,338.6748,150.13506
164.18187664,655.73788656,736.4961981600001,342.4426704,149.61070936,175.0637,668.1563,739.4829,338.89008,149.97192
164.2989052,655.62421376,736.69739352,342.26587055999994,149.57378472,175.00787,667.95483,739.8954,338.87305,150.2368
164.42359376000002,655.45704312,736.9439040000001,342.13373024,149.58712047999998,174.66162,667.7324,739.19806,338.38248,150.18945
164.49255808,655.3666787200001,737.35339328,342.02304424,149.54937488,174.68282,667.5071,739.59863,338.51962,150.06151
164.59790848,655.2558768,737.7845908,341.98574008,149.52859888,174.5286,667.3853,739.83,338.36206,150.2986
164.6919188,655.17089848,738.21525656,341.94132656,149.49474816,174.51152,667.2281,740.36316,338.46912,150.28842
164.77941208,655.09513632,738.4822073600001,341.91566248000004,149.4295844,174.43094,667.07526,740.6807,338.50146,150.20612
164.82488296,655.0146621600001,738.66754152,341.87952888,149.38828472,174.28732,666.9061,740.70654,338.52188,150.02905
164.82570080000002,654.96387392,738.97711528,341.86979064,149.35891672,174.15984,666.75745,740.9306,338.60242,150.01944
164.85409488000002,654.9116120799999,739.33435008,341.84251696,149.31190384,173.95872,666.6566,741.0507,338.53564,150.12468
164.82351504,654.8728261599999,739.8305308,341.80970112,149.23962352,173.8679,666.5288,741.4856,338.68036,149.96852
164.78121704,654.90079424,740.54487104,341.77496472,149.18033864,173.85664,666.47797,742.68365,338.89752,150.18483
164.83098936,654.93245416,741.41585456,341.68622816000004,149.12743016000002,173.70071,666.483,743.4243,338.82367,150.46101
164.87546416,655.0439336000001,742.23929112,341.6088544,149.0553548,173.56995,666.4111,743.84015,338.75546,150.09676
164.846934,655.06828152,742.9040828000001,341.494306,148.93240144,173.23273,666.37897,743.2883,338.2975,149.7158
164.83611112,655.12449384,743.34119328,341.40011272000004,148.80215576,173.3727,666.39386,745.1035,338.68033,149.77554
164.79772816000002,655.26937288,743.59292464,341.27398296,148.71539511999998,173.45439,666.4087,746.39716,338.92752,149.7439
164.80512392,655.40086232,743.72054992,341.17561032,148.66109912,173.11096,666.4511,745.8206,338.5213,149.77293
164.78517896000002,655.56486016,743.7639030400001,341.00494248,148.58281512,172.94952,666.4849,745.681,338.35974,149.6288
164.81738775999997,655.72856832,743.79312896,340.83643872,148.55139528,172.8648,666.59906,745.94257,338.2794,149.82585
164.90766176,655.92718928,743.9683984,340.71340768000005,148.52713136,172.97281,666.7268,746.74426,338.46317,149.94907
165.04413703999998,656.15815936,744.1873584,340.67516408000006,148.52743536,173.02534,666.84766,747.08246,338.49216,149.8112
165.13603136,656.3816817600001,744.17214648,340.63484184000004,148.56640224,172.93315,666.9559,746.50006,338.21722,149.48979
165.18463392,656.560004,743.97187112,340.5048484,148.56456496,172.77557,667.07935,745.68896,337.86316,149.44365
165.20209888000002,656.65249024,743.7972462399999,340.31164624,148.53534368,172.8025,667.20245,745.7514,337.89203,149.49083
165.15190728000002,656.82523808,743.7099872800001,340.17137024000004,148.57622487999998,173.0879,667.2609,746.808,338.38974,149.387
165.05816936,656.9851739999999,743.87166216,340.00947264,148.57764016000002,172.8267,667.35596,746.0814,338.02017,149.44725
164.90190624,657.0691852799999,744.0832490399999,339.87292656,148.57037592,172.54076,667.4524,745.7396,337.62616,149.63731
164.81642240000002,657.20448352,744.35958168,339.7981672,148.61847144,172.65045,667.57623,747.0678,337.93,150.0155
164.73209920000002,657.3237140800001,744.51716976,339.78108440000005,148.70577848000002,172.50691,667.633,747.0266,337.81897,149.85916
164.62861504,657.4045832,744.58298912,339.69246232,148.7564016,172.2835,667.65717,746.5239,337.6115,149.61049
164.49411904000002,657.4608883999999,744.4913464800001,339.63306504,148.8011684,172.13783,667.677,746.42957,337.5342,149.5994
164.39054607999998,657.48558296,744.3969296800001,339.57324760000006,148.85970176,172.06157,667.72894,746.6228,337.56845,149.89731
164.31974672,657.5304114400001,744.31153808,339.50762808,148.91105864,172.08997,667.74335,746.9965,337.77875,150.01932
164.26848256000002,657.5852636000001,744.20838376,339.50569264,148.95161679999998,172.05241,667.7482,746.9293,337.83365,149.9773
164.22083792,657.6619534399999,744.0881780799999,339.4792272,149.02997776,171.97763,667.75806,746.6943,337.81058,149.99606
164.21914888,657.7115481599999,743.87199232,339.52827896,149.13163032,171.83649,667.8076,746.30316,337.6204,150.20026
164.2501196,657.75051184,743.59245488,339.58497088,149.22506719999998,171.83209,667.8321,745.96277,337.6354,150.25133
164.23798,657.75317752,743.1815403200001,339.64586264,149.27350328,171.87451,667.82776,745.5629,337.7157,150.17789
164.25295888,657.7602882399999,742.77865144,339.67565848,149.33891112,172.01418,667.8308,745.62305,338.02176,150.29613
164.22433936000002,657.8119834400001,742.59483976,339.73719816,149.42724184,172.0856,667.80804,745.256,338.19287,150.1733
164.12868048,657.8358543999999,742.3864132799999,339.7543804,149.52542584,171.94623,667.8194,744.5704,338.0298,150.15207
164.03319392,657.9046172000001,742.10031376,339.76234704,149.57164536,171.92986,667.8621,744.5424,338.0914,150.3942
163.92603032,657.9462480799999,741.8172244,339.76466136000005,149.63588144,171.83629,667.91974,744.1401,338.04883,150.49911
163.76975632,658.02738408,741.5011954400001,339.8053432,149.72189888,171.92322,667.9804,744.44714,338.34326,150.62811
163.68380416,658.1487287199999,741.2391308800001,339.80128136,149.81666352,171.8759,668.1065,744.5198,338.4131,150.99654
163.57908976000002,658.24333856,741.11096608,339.74344528,149.8671232,171.64497,668.1737,743.5858,338.17184,150.88199
163.43675112,658.3044736,741.09650128,339.6915556,149.9504848,171.50183,668.20276,743.0642,338.11337,150.56937
163.21207832,658.35740632,741.1318984799999,339.62453032,150.05177136,171.45532,668.2412,743.0516,338.20718,150.30797
162.90276432000002,658.3810576799999,741.07043352,339.52383344000003,150.12153432,171.28485,668.3124,743.0806,338.12332,150.46837
162.61235688,658.3750359999999,740.9519121600001,339.4199836,150.18858088000002,171.09238,668.4057,743.51886,338.0735,151.0503
162.37538248,658.38708888,740.8113536,339.30890192,150.24460496,170.9826,668.45874,744.0608,338.18036,151.39296
162.17970024,658.4033750399999,740.74628016,339.23829464000005,150.31190479999998,170.74615,668.4566,743.7919,338.06396,151.39523
162.02662848,658.3902176,740.7102098400001,339.16868464,150.3980892,170.46284,668.4241,743.16205,337.83212,151.25487
161.87844232,658.3628484799999,740.67451976,339.10329288,150.49620448,170.31474,668.3822,742.86865,337.7621,151.05551
161.7120504,658.29122072,740.55332528,338.99410912,150.53433168,170.23186,668.349,742.9764,337.80066,151.05072
161.55719392,658.26711232,740.4024404799999,338.89429408,150.60499904,170.26297,668.32794,743.6059,337.96793,151.34233
161.470852,658.1913423999999,740.3412608,338.79852776,150.68982536,170.0188,668.30273,743.06824,337.65903,151.5403
161.34549968,658.1251033599999,740.2269895200001,338.61223616,150.67609008,169.94168,668.19495,742.8941,337.61325,151.34372
161.25281568,658.03804112,740.07314656,338.44923376,150.69005024,169.80731,668.12305,742.7715,337.4466,151.48682
161.18911864,657.93398256,739.84537864,338.29820904,150.71912632,169.78108,668.0611,742.8752,337.39978,151.6565
161.17960488,657.8470792,739.5577550400001,338.18508568,150.71364096,169.79735,667.96045,743.0102,337.446,151.68869
161.1534672,657.7690212800001,739.3474911200001,338.11270896,150.6752304,169.69041,667.82214,742.3549,337.27563,151.4888
161.1127112,657.64501064,739.23495312,338.023116,150.61324936,169.55754,667.7179,741.6897,337.0389,151.4502
161.09860136,657.56716224,739.1304395999999,337.95770576,150.56176624,169.62425,667.61084,742.0781,337.15677,151.4665
161.03780328000002,657.48450184,738.9531679199999,337.8349688,150.49060864,169.53627,667.4959,741.63336,337.02914,151.24379
160.95249688,657.40952344,738.76957104,337.7184672,150.4108996,169.52231,667.41425,741.6882,337.04565,151.23114
160.89904464,657.41460728,738.49886424,337.61442304,150.3271948,169.57263,667.36383,742.1133,337.1732,151.32329
160.82922200000002,657.43129472,738.21055008,337.51875136,150.25795159999998,169.33925,667.3218,741.2164,336.85855,151.25568
160.81260536,657.4465485599999,737.77251384,337.40113776,150.17424807999998,169.18547,667.31726,740.68805,336.644,151.3391
160.82386488,657.4732687999999,737.3939092,337.2855,150.13484128,169.23784,667.3182,740.7322,336.75558,151.26735
160.84418128,657.5679132,736.9880124,337.17293464,150.11957952,169.30057,667.3279,740.73926,336.84406,151.18085
160.90237208,657.59742568,736.47727928,337.07058112,150.07471624,169.09692,667.36786,739.5884,336.48553,151.18166
160.94973367999998,657.65737024,736.07019248,336.96725680000003,150.01168375999998,169.19174,667.35596,739.398,336.62766,150.95816
160.95916,657.6975792000001,735.6086044,336.9346696,149.95929071999998,169.10391,667.34796,738.6502,336.48248,150.79004
160.95699416,657.70540328,735.2037256,336.87966384,149.86268072,168.97667,667.3479,737.9233,336.29205,150.8657
160.97533824,657.70023744,734.8156991999999,336.7665984,149.80129584,168.95226,667.34216,737.76025,336.29172,150.94707
161.00015888,657.7013907999999,734.34374728,336.66786304,149.69807488,168.9953,667.29877,737.8172,336.42163,150.85745
161.03922952,657.75782416,733.99726176,336.62634232,149.64883648,169.0353,667.2636,737.7671,336.54245,150.76791
161.10149016,657.82677848,733.7652482400001,336.58338504,149.58613391999998,168.88947,667.2634,737.0202,336.33734,150.79927
161.22051911999998,657.87794528,733.8163478399999,336.55500304000003,149.5367896,168.80325,667.2878,736.5704,336.20218,150.85663
161.32773224000002,657.959834,733.9254901600001,336.5590952,149.49734472,168.92026,667.3032,736.86176,336.32782,150.76718
161.47662736,657.99105664,734.15016976,336.56943344,149.46339704,168.89923,667.33954,736.7145,336.2298,150.78224
161.59308104,658.027044,734.40143568,336.558898,149.35614408,169.02405,667.30963,737.0312,336.36383,150.49515
161.64994616,658.05798736,734.74201944,336.49546824,149.21847624,169.00078,667.27264,736.91675,336.2732,150.247
161.67959904,658.03487992,734.98314616,336.36239479999995,149.0577372,168.91858,667.2597,737.00757,336.12064,150.22446
161.68606096,658.07062856,735.21597448,336.24810928,148.95648767999998,169.0698,667.2344,738.1989,336.38672,150.24217
161.69990344,658.1344181600001,735.3849596,336.21588328,148.88675664000002,168.99684,667.2484,738.5951,336.3176,150.36276
161.7586252,658.2044307199999,735.60154416,336.17619376000005,148.80312143999998,168.91797,667.28784,738.7595,336.21277,150.47466
161.88014104,658.31701176,735.82176344,336.17631456000004,148.74086952,168.95027,667.3099,739.1683,336.26523,150.35046
161.978094,658.4299064,736.1085764000001,336.14577663999995,148.67174304,168.8514,667.32983,738.69684,336.07852,150.00578
162.09916352,658.4840283200001,736.4949188,336.06657752,148.6353916,168.75356,667.38367,738.4994,335.84766,149.98215
162.22651464,658.54030256,736.8297302400001,335.99476048,148.56885352,168.94017,667.44183,739.4886,336.03033,150.03271
162.37493224,658.605968,737.04461632,335.95755943999995,148.53928624,169.0667,667.4807,740.1988,336.1266,150.06049
162.52132232,658.66541216,737.24933008,335.97041824,148.51293712,169.13013,667.51605,740.37067,336.10522,149.99347
162.68066792,658.75676544,737.5120124,335.97468704,148.49949984,169.24628,667.5524,740.7306,336.17584,149.93196
162.82228368,658.84819232,737.7777187199999,335.98127544000005,148.47680072,169.27283,667.60846,740.6655,336.05533,149.89867
162.97566952,658.93596568,738.01822392,335.99758912,148.44952008,169.297,667.6926,740.73956,335.9276,150.0569
163.15748752,658.99913096,738.1102228000001,336.00783135999995,148.39707104,169.3884,667.78754,740.9868,335.89856,150.1846
163.3575596,659.0529296799999,738.18303312,335.99619448,148.37739752,169.61703,667.83734,741.5811,336.1448,150.04184
163.49910888,659.14287888,738.3411922399999,336.00427696,148.35993864,169.85081,667.86414,741.998,336.39157,149.75407
163.6443284,659.2239071199999,738.4846252,336.01603264,148.3587888,169.7828,667.9263,741.5345,336.14395,149.78899
163.72980192,659.2037764,738.5647324,336.05757680000005,148.3351716,169.6952,667.9908,740.86865,335.8313,149.81912
163.86433496,659.18667952,738.67902616,336.15299968,148.324176,169.93344,668.02234,741.8881,336.17715,149.99669
163.96502152000002,659.13833128,738.9724024,336.22079392,148.27917648000002,170.02284,667.9942,741.9857,336.2868,149.85005
164.08003904,659.04446968,739.27866216,336.27752688,148.20482504,170.08673,667.97687,742.305,336.3069,149.9664
164.26870672,658.98146816,739.61202912,336.390962,148.17021288,170.21954,667.92694,742.9337,336.44403,150.11823
164.45819287999998,658.86093952,739.9013552,336.50341616,148.1384536,170.23279,667.84454,742.69434,336.3279,149.97989
164.67155712,658.79261328,740.1974042400001,336.57932264000004,148.12153144,170.49612,667.7562,743.4104,336.59888,149.91608
164.88195176000002,658.68957832,740.35132048,336.63958016,148.09947608000002,170.62108,667.6797,743.5254,336.63565,149.77167
165.03628296,658.64513584,740.64385952,336.63999136,148.06156328,170.88333,667.5918,744.0239,336.91772,149.6095
165.15451335999998,658.5807772,740.97084184,336.6990964,148.08714432,170.84966,667.55585,743.8462,336.71063,149.69844
165.26265368,658.47270992,741.15592448,336.83283176,148.09791256,170.80746,667.51013,743.6951,336.5201,149.79211
165.28782712,658.3294726400001,741.3055193600001,336.89158496,148.08754592,170.91432,667.425,744.03076,336.68384,149.74788
165.36973912000002,658.20622856,741.4418695200001,336.97095048000006,148.0982548,171.06622,667.3554,744.8885,336.9594,149.97186
165.39530424,658.0759416000001,741.51663,337.04742328,148.0558136,171.09238,667.23956,744.9349,337.0395,149.83003
165.46467664,657.98418456,741.6083692,337.09905216,147.98283,171.11865,667.1691,745.223,337.13092,149.97598
165.56779256000002,657.9032402400001,741.67636608,337.18302280000006,147.93618952,171.07704,667.09186,745.04987,337.05035,149.96718
165.65986288,657.8243924799999,741.73198456,337.22448792,147.83866904,171.09537,667.0257,744.9217,337.03882,149.84544
165.80586064,657.7508712,741.7755303199999,337.27959848,147.72729512,171.21013,666.99554,745.2707,337.16888,149.85168
165.94409112000002,657.71158896,741.78933208,337.264504,147.64188367999998,171.34999,666.9368,745.3819,337.29752,149.582
166.04956896,657.6279344,741.6793838399999,337.30162152,147.54758600000002,171.33757,666.8927,744.89764,337.13528,149.40002
166.15242976000002,657.57116408,741.5459854400001,337.37028656,147.52172368,171.43796,666.85693,745.02655,337.21436,149.44864
166.2419528,657.47465104,741.3311328799999,337.38728583999995,147.49015784,171.44826,666.83453,744.65753,337.09204,149.53452
166.32581504,657.3842504,741.1354072,337.3880104,147.45414784000002,171.6058,666.78864,744.8623,337.2371,149.56522
166.4143932,657.33010936,740.98801672,337.3726308,147.42930984,171.74727,666.72107,744.93445,337.37143,149.44011
166.4632396,657.2904503999999,741.0013428,337.3552424,147.39934456,171.70822,666.64264,744.21643,337.2255,149.13475
166.43484328,657.2428669599999,740.90143056,337.34090024,147.35377784,171.67917,666.6253,743.8864,337.0698,149.10054
166.45333552,657.23150592,740.77422344,337.36194,147.32528832,171.77103,666.67194,744.42883,337.1271,149.54216
166.52878808000003,657.2482236000001,740.69674912,337.33829304,147.28718304,171.78574,666.69965,744.3335,337.09387,149.61794
166.58318368,657.27711424,740.49434488,337.37532568,147.26029208,171.82033,666.69977,743.8874,337.03345,149.31236
166.63339384,657.36312808,740.3077648,337.40206888,147.27657832,171.91138,666.7428,743.8435,337.14774,149.20998
166.7080484,657.48470216,740.0793448,337.4296184,147.28824568,171.95358,666.8526,743.5895,337.09686,149.32901
166.77379344000002,657.6231086399999,739.9464793599999,337.47671368000005,147.28327568,172.05759,667.00415,743.3642,337.11746,149.37195
166.87072048000002,657.8143838399999,739.87490712,337.55544536,147.32217264,172.22644,667.1634,743.58295,337.30228,149.3597
166.8895436,658.01724416,739.93806824,337.60591944,147.34133008,172.25565,667.337,743.0009,337.2255,149.20006
166.9516592,658.1707382400001,740.1026240000001,337.64694272,147.3662468,172.2453,667.5813,742.7557,337.08078,149.43266
166.97252072,658.32096784,740.30361152,337.76353376,147.35576008,172.44266,667.7546,743.247,337.288,149.36978
167.00814304,658.41362192,740.4414736,337.81842032000003,147.31771264,172.5578,667.9311,743.5517,337.37772,149.4113
167.03466328,658.52948536,740.63202512,337.87886808,147.29909224,172.6614,668.0269,743.762,337.45642,149.35805
167.07164416,658.566542,741.00161752,337.9235488,147.25707968,172.50475,668.122,742.92487,337.07764,149.37955
167.10706399999998,658.5800724000001,741.38581152,337.98088088,147.23072768,172.73341,668.20197,743.7918,337.2823,149.43709
167.21536048000002,658.7001657599999,741.76426864,338.05200288,147.28430136,173.14406,668.28406,745.4488,337.77817,149.47935
167.29133952,658.8575448,742.02514272,338.13655271999994,147.30547704,173.22812,668.3911,745.1897,337.67703,149.20773
167.3567028,659.0883504000001,742.23934024,338.15567688000004,147.35593544,173.27904,668.5515,745.0263,337.562,149.23161
167.45090976,659.3221316,742.4547156799999,338.22058792,147.41378576,173.3666,668.80695,745.03644,337.40924,149.5304
167.60697816,659.6203028000001,742.87012592,338.31031671999995,147.46313024,173.67099,669.07654,745.85815,337.6533,149.65172
167.73653528,659.94582608,743.42961912,338.36722464,147.5431152,173.86098,669.3461,745.9147,337.64664,149.46455
167.88140152,660.25695792,744.1446735999999,338.41732712,147.62849864,174.02501,669.68207,746.0121,337.50156,149.56229
168.05619344,660.5573055199999,744.7079248,338.5129668,147.77435664,174.37567,670.041,747.1187,337.67694,149.70757
168.23960168000002,660.90436608,745.2999391200001,338.61728352,147.92090808,174.82425,670.3934,748.3398,338.01486,149.7783
168.40568112,661.2405087200001,745.8227060800001,338.73081008,148.05505312,175.06856,670.783,748.5322,337.91074,149.98723
168.659614,661.52283192,746.39014856,338.83561768,148.19999256,175.2662,671.17456,748.6466,337.75238,150.34128
168.88829664000002,661.77339152,746.99945688,338.9320572,148.33750384,175.69936,671.4752,749.27563,337.91885,150.2059
169.13448304000002,662.0087355200001,747.71027728,339.00414768,148.4809612,176.11725,671.7745,749.9984,338.04062,150.22107
169.35771008,662.1933817600001,748.1888616,339.01364624,148.5338788,176.44563,672.04175,750.39624,337.95312,150.32646
169.62388824,662.35889736,748.53553736,339.03836632,148.62905432,176.8865,672.3214,751.24634,338.02335,150.68567
169.9070732,662.5306591200001,748.8760168000001,339.12284584,148.77172088,177.39865,672.55615,752.07,338.16824,150.88649
170.25574048,662.73530376,749.20293944,339.21101384,148.88818144,177.83313,672.77936,752.3646,338.17438,150.95305
170.54672296,662.91345688,749.4139707999999,339.27886136,149.00262144,178.16443,672.96436,751.8238,337.96957,150.67633
170.81976008,663.0939648,749.70173808,339.29689408,149.06366408,178.69395,673.2168,752.3293,338.0876,150.78548
171.0755584,663.3109226400001,750.0778288,339.32134024,149.15279504,179.25952,673.49835,753.22687,338.2672,151.01997
171.32987207999997,663.51706048,750.48272344,339.35292336,149.26110416,179.6311,673.7857,753.3273,338.1297,151.16484
171.5288136,663.7097999199999,750.90572128,339.42710008,149.3224972,179.97733,674.03186,753.31915,338.0123,151.0819
171.681008,663.89123232,751.29845704,339.51170191999995,149.37528112,180.34354,674.28735,753.7376,338.01572,151.08495
171.82969056000002,664.0618608,751.84896192,339.51942072,149.42316152,180.76,674.5547,754.505,338.15506,151.17114
171.9296236,664.2763868000001,752.4327946400001,339.57702232,149.51707696,181.21198,674.812,755.5221,338.3502,151.1292
172.00357448,664.4945497599999,752.96701592,339.63841384,149.5920816,181.44496,675.11633,755.9156,338.23062,151.35175
172.13747488,664.7081023200001,753.3874207199999,339.72550304,149.73093896,181.70442,675.4618,756.4307,338.12485,151.7105
172.25547992,664.91786712,753.8471541600001,339.79632144000004,149.82208352,182.02504,675.7332,756.8612,338.20996,151.66359
172.38994431999998,665.13183416,754.349452,339.87804744,149.94152328,182.38,676.0181,757.43365,338.31442,151.61662
172.47913448,665.33603344,754.89577032,339.94018248,150.07791079999998,182.64586,676.28467,757.6395,338.29498,151.47653
172.51720831999998,665.5160128,755.5018339999999,339.9888992,150.18604288,182.8905,676.5832,758.0427,338.21384,151.61586
172.58801672,665.69617168,756.10810224,339.98846808,150.29526856,183.18474,676.8878,758.9913,338.2441,151.94203
172.62401119999998,665.8718068000001,756.66565544,339.97688296,150.37999656,183.4783,677.1623,759.6333,338.24496,151.92447
172.65735112,666.06120512,757.22922864,339.9885656,150.50505832000002,183.76772,677.4402,760.36017,338.26685,151.98032
172.67854351999998,666.2740616,757.7794044799999,340.03206984,150.62400904,184.0137,677.7378,760.94086,338.207,152.11766
172.74606592,666.4789414400001,758.31988568,340.09244224,150.73304055999998,184.2108,678.06586,761.3308,338.05484,152.35211
172.82988048,666.68723608,758.77371776,340.10860976000004,150.79297832,184.5455,678.3905,761.9883,338.10333,152.35278
172.90943112000002,666.91347448,759.1833991999999,340.13355936,150.89586703999998,184.87584,678.69904,762.53015,338.15057,152.32675
173.01362048,667.1006415999999,759.47281256,340.21223103999995,150.99805336,185.11147,679.0494,762.5945,337.9899,152.46841
173.12971248000002,667.27702608,759.6475126400001,340.3259704,151.11058088,185.4639,679.3639,762.9169,338.01724,152.50652
173.22119512,667.43188576,759.7929316,340.4724248,151.21195728,185.77509,679.6461,762.95764,338.0001,152.44284
173.29014080000002,667.5534725599999,759.9239412,340.53157904,151.31597704,186.1064,679.93195,763.17053,338.05432,152.49945
173.37144855999998,667.7006287199999,759.976502,340.60264576000003,151.43392400000002,186.52573,680.1979,763.8302,338.25885,152.60457
173.38790976,667.85824704,759.99030176,340.73652375999995,151.557852,186.81891,680.48047,763.69543,338.23337,152.58882
173.42250744,667.99561128,759.94912872,340.88674096,151.71495887999998,187.02715,680.77655,763.4806,338.14304,152.84003
173.45693296000002,668.13642064,759.79423816,341.05289784,151.85946096,187.38962,681.0736,763.6746,338.3143,152.87245
173.46749928,668.31380088,759.65440336,341.23838328,152.02486544,187.67606,681.32745,763.43933,338.41556,152.78925
173.47745288000002,668.4395283199999,759.51192696,341.40124288,152.18609224,187.77985,681.6446,762.5176,338.18552,152.93341
173.49284848,668.5703164800001,759.48301584,341.5113624,152.35548144,188.16656,681.96454,762.89264,338.39578,153.22305
173.57305464,668.7553916,759.4704768,341.6604628,152.50293272000002,188.60208,682.30023,763.6038,338.6571,153.53723
173.68503855999998,668.95389728,759.5989638400001,341.77741432000005,152.6451884,188.88788,682.6228,763.24457,338.63348,153.49786
173.78315744,669.16713552,759.89050088,341.93602544000004,152.7861168,189.23,682.942,763.1038,338.68692,153.24245
173.80199024,669.4103105600001,760.31702024,342.068864,152.94283368,189.63849,683.3195,763.43536,338.78958,153.19179
173.8751888,669.66344712,760.8125446399999,342.20387648,153.10647168,189.85332,683.7632,763.51465,338.60294,153.6097
173.89110336000002,669.84575808,761.19348224,342.31967584,153.22482584,190.06563,684.17926,763.28784,338.3879,153.6648
173.8959908,670.0279657599999,761.6124928,342.4261136,153.36876184000002,190.62321,684.59576,764.7886,338.85455,153.83632
173.93599528,670.2680684000001,762.0761632,342.60994112000003,153.5243748,191.12152,685.0018,766.091,339.23862,153.94131
173.89602096,670.48480184,762.5905761600001,342.78356856,153.65452248,191.23868,685.35925,765.4608,338.99548,153.73604
173.81184512,670.6266836,763.18925024,342.91594848,153.83828384,191.28143,685.7536,765.0685,338.66852,153.93144
173.75294871999998,670.72598992,763.91114552,343.06602392,153.85234432,191.54608,686.12836,765.9553,338.7899,154.21648
173.64677128,670.80632096,764.5459492,343.26267072,153.88211528,191.86598,686.41046,766.93494,339.06897,154.00946
173.49306352,670.8545504800001,765.13529104,343.51413736,153.9199576,192.10786,686.6581,767.72784,339.328,153.8186
173.32169728,670.9662572,765.6939287199999,343.79837152,153.98142984,192.3821,686.9324,768.83685,339.6834,153.83589
173.14570504,671.0714972000001,766.2625027999999,344.11912687999995,154.04391744,192.34827,687.22687,768.8325,339.57376,154.01746
173.01379624,671.18730864,766.86453008,344.43403472,154.10076976,192.40215,687.565,769.11255,339.58047,154.29364
172.96120328,671.2898496800001,767.4822285600001,344.77090768,154.18546976,192.60872,687.9053,769.7802,339.84286,154.3338
172.92793024,671.45648512,768.1506380000001,345.12478232,154.29318152,193.02498,688.2009,770.9087,340.46225,153.97784
172.87335824000002,671.66678896,768.80835944,345.46066936000005,154.37762808,193.30144,688.5664,771.4387,340.78085,153.73776
172.85345424,671.92300984,769.40840328,345.84808648,154.43585872,193.46748,689.0023,771.73596,340.82785,153.98724
172.89144848,672.11412584,769.82826864,346.15595976,154.51511712,193.6724,689.4745,771.90753,340.87463,154.27155
173.00328679999998,672.39349528,770.25428824,346.49217616000004,154.6044752,194.19429,689.9217,773.1854,341.49374,154.30067
173.12224768,672.61147776,770.47486728,346.84607648,154.72534952,194.4184,690.36035,772.8415,341.5216,154.10364
173.28362248000002,672.8229825599999,770.6944188800001,347.20864056,154.8485376,194.81625,690.7845,773.1609,341.86108,154.11333
173.47156728000002,673.04472272,770.8419736799999,347.61516328,154.96015504,195.27596,691.2216,773.4976,342.2038,154.15263
173.66308472,673.1944766400001,771.06429216,347.98750048,155.102606,195.67363,691.65753,773.4817,342.4564,154.23172
173.8712664,673.39677344,771.2664864,348.4445296,155.32336288,196.30267,692.0733,774.3631,343.0408,154.42809
174.10327528000002,673.5513421600001,771.44338768,348.91018832000003,155.52720888,196.56544,692.4784,773.7674,343.0569,154.53714
174.3008796,673.64359664,771.5735275200001,349.33746824,155.74402024,196.915,692.7983,773.2513,343.23343,154.37305
174.42438816,673.74126752,771.66697048,349.80086464,155.96392624,197.5057,693.11255,773.83435,343.87775,154.33028
174.54478272,673.8497176,771.6995684,350.2864092,156.17082704,198.05582,693.48535,774.50134,344.46756,154.65768
174.64335192,673.9965927200001,771.6250196799999,350.75653936000003,156.35414688,198.47868,693.825,774.7338,344.93344,154.85158
174.74343951999998,674.14152464,771.60730672,351.26316488,156.47959183999998,198.7157,694.1703,774.28705,345.1269,155.02017
174.85644,674.23540632,771.6946515200001,351.773168,156.67069376,198.97318,694.5183,773.91516,345.38107,155.09871
174.97973344,674.3376084800001,771.80021968,352.29821536000003,156.88858136000002,199.39548,694.8312,774.11945,345.8928,155.09767
175.10229424000002,674.3690799199999,771.88050776,352.82302768,157.07280016,199.64235,695.1155,773.7146,346.12848,155.10536
175.23658376,674.37890432,771.8981105600001,353.34742608,157.21140536,200.12517,695.39514,774.20294,346.72598,155.22015
175.39112056000002,674.43721768,771.8978595200001,353.90542223999995,157.3833616,200.66269,695.6525,774.8471,347.40784,155.34412
175.5618244,674.50885968,771.77155464,354.45505088,157.49831152000002,201.00151,695.92676,774.671,347.71503,155.43568
175.748198,674.62436152,771.62407296,354.9799464,157.60947832,201.32274,696.18884,774.3497,348.01468,155.46208
175.9319868,674.7417861600001,771.3814531200001,355.47336368,157.79612888,201.65082,696.476,773.8935,348.2833,155.43005
176.10520848,674.9033792,771.2184832799999,355.95249536000006,157.97524288,202.09111,696.7822,773.8544,348.75693,155.40633
176.25655288,675.0720948000001,771.00771296,356.44967192,158.14592088,202.44954,697.111,773.58685,349.09332,155.4051
176.33950072,675.27243544,770.75928816,356.95452504,158.35536184,202.78323,697.4523,773.3824,349.43552,155.52563
176.46143759999998,675.4538173599999,770.450246,357.45067904,158.489396,202.99712,697.8468,773.02716,349.60245,155.9285
176.55450096,675.63716992,770.2260128,357.95403088,158.64814280000002,203.32802,698.1829,772.8084,350.05585,155.87436
176.59602736,675.85441968,769.99516008,358.42688536,158.78066456,203.61491,698.477,772.62463,350.54938,155.72693
176.60645888,676.03155848,769.82104312,358.88518736,158.85524944,203.73265,698.8113,772.0505,350.78564,155.73271
176.56386864,676.24446984,769.78499144,359.3239052,158.92434664,203.9659,699.11414,772.20184,351.28986,155.77647
176.51932656,676.45352056,769.76451648,359.71562112,159.02076408000002,203.96684,699.4401,771.8218,351.4455,155.97821
176.49731319999998,676.64041104,769.8276824000001,359.97128824,159.08072936,203.9398,699.7337,771.2783,351.59573,156.00836
176.4511044,676.8091903200001,769.8202547999999,360.1057812,159.14375456,204.15671,699.997,771.70575,352.11008,155.84102
176.40719528000002,677.08922072,769.70663472,360.33181488,159.20906352,204.48329,700.2797,772.79974,352.67026,155.93968
176.41624088,677.36659264,769.5049932000001,360.59264664,159.32567968,204.33853,700.60693,771.9324,352.5954,156.23824
176.5013052,677.619048,769.4178536,360.75617848,159.41577992,204.27942,700.89044,770.9147,352.5657,156.28136
176.5716644,677.8571779199999,769.4077881600001,360.55415224,159.50754672000002,204.5036,701.15063,770.8903,352.883,155.9432
176.61841288,678.14475976,769.41838392,360.40062424,159.58045256,204.74817,701.4198,771.3289,353.04538,155.92387
176.70341664,678.3723574400001,769.57785472,360.25771488,159.64885808,204.74387,701.7384,770.91504,352.84872,156.29411
176.8692924,678.62031072,769.8955128800001,359.71674168,159.7722876,204.962,701.9957,771.4822,352.77182,156.42911
176.99739431999998,678.8821112,770.18812024,358.55257864,159.88314592,205.11162,702.18146,771.5038,352.41232,156.15723
177.17079152,679.10369736,770.4147284000001,357.70131184,159.98852440000002,205.15886,702.39325,771.5817,351.57477,156.33337
177.38535392000003,679.36886728,770.5367549599999,356.34537063999994,160.11333208,205.4101,702.59235,772.39264,351.02042,156.55699
177.67145808,679.6284395199999,770.5485476800001,355.07845392,160.29580728000002,205.47348,702.76385,772.25946,349.88132,156.87158
177.96914344,679.83621696,770.48243744,354.29001768,160.49299048,205.6298,702.9283,772.10596,348.91678,157.10547
178.35992264,680.1081007199999,770.44214752,353.91196272,160.70526296,205.99515,703.06726,772.6889,348.50092,157.35979
178.70477488,680.32441952,770.32453128,353.7295992,160.90956536,206.07246,703.13605,771.56195,347.82083,157.05229
178.97001744000002,680.53712984,770.2098614399999,353.58868272,161.12628984,206.29292,703.1655,771.16925,347.5851,156.84644
179.12464192,680.7563261600001,770.09239064,353.41336344,161.25919296,206.53204,703.2498,771.27893,347.60126,157.05222
179.24335736,681.0089969599999,769.9798601599999,353.2767688,161.40676864,206.6706,703.36096,771.6138,347.65585,157.66469
179.34346728,681.27803216,769.88529704,353.17878815999995,161.588716,206.62263,703.4252,771.3524,347.61066,158.06378
179.39141304,681.55370096,769.8275927999999,353.0722216,161.74224832,206.50565,703.4608,770.8775,347.56686,158.1925
179.41195328,681.8188904799999,769.71783992,352.95909776,161.79018743999998,206.36163,703.5023,770.63275,347.53644,158.40907
179.41051856,682.07776104,769.55040128,352.87018448000003,161.74636832,206.185,703.5228,770.4262,347.53595,158.59814
179.43091152,682.30024624,769.2940116000001,352.7762728,161.5865176,205.88457,703.4772,769.84973,347.4515,158.61308
179.3546772,682.4954571200001,768.9727276799999,352.63607704000003,161.23599528,205.62392,703.36316,769.22437,347.51944,158.32858
179.26540880000002,682.68048592,768.6870176799999,352.52006328000004,160.65786968,205.36885,703.27606,769.2411,347.65445,158.28653
179.19874664,682.8959295200001,768.5177109599999,352.41251279999994,159.9488656,205.06987,703.1781,769.21765,347.74338,158.16151
179.13963872,683.0919659200001,768.38896792,352.3299376,159.05965176,204.5801,703.0302,768.474,347.6017,157.75272
179.07632192,683.30047944,768.2101903199999,352.2297452,157.47506304,204.16835,702.8607,768.3043,347.68607,157.08994
179.09467544,683.5122127999999,768.15038264,352.17500608,155.37026752,203.73906,702.6604,768.3669,347.8373,156.2008
179.11764319999995,683.74108592,768.19882024,352.12145528,154.03986536,203.33073,702.3815,768.2304,348.02368,154.7338
179.15227320000002,683.95506632,768.2668787199999,352.10819736,153.25571816,202.7524,702.1051,767.48193,347.97165,153.44644
179.12718728,684.12775504,768.3929824800001,352.05373216,152.52256632,202.25197,701.8747,766.95435,347.97797,152.61014
179.12375336000002,684.31009176,768.56689656,352.01717632,151.902176,201.97754,701.69836,767.74,348.28964,152.40147
179.17175928,684.49889448,768.879716,352.01307424,151.30641856,201.62997,701.4725,768.27045,348.57843,152.11546
179.21338351999998,684.7154463999999,769.24414392,352.01727256,150.82857512,201.1875,701.1603,768.2582,348.802,151.4087
179.19399512,684.92837384,769.66634112,352.07520952,150.3121292,200.55673,700.8525,767.6937,348.7575,150.82198
179.2249268,685.10302144,770.05918328,352.10347248,149.8086872,199.92236,700.5685,767.70233,348.77112,150.7087
179.25764336,685.25836912,770.3655936800001,352.10700432,149.36699136,199.52658,700.24786,768.55566,349.2053,150.40419
179.33110464,685.46868136,770.67313288,352.16299608,148.9758108,199.14113,699.8674,769.45575,349.72916,149.94765
179.35845384,685.67004768,770.90706632,352.17480168000003,148.53949368,198.41669,699.46747,768.6475,349.72913,149.24686
179.36251368,685.81660552,770.98120136,352.1945924,148.13577584,197.67068,699.0631,768.0379,349.7185,148.82043
179.34149528,685.9954958399999,771.08951744,352.28513167999995,147.57379312,197.17537,698.6713,768.5847,350.15356,148.5067
179.354316,686.1442428,771.26612232,352.32777016,146.85978808,196.52054,698.2874,768.6152,350.40985,148.01828
179.34728040000002,686.3265948000001,771.4242823200001,352.40667296,145.93144272,195.91618,697.8347,768.8195,350.79865,147.05344
179.3431548,686.49928016,771.5283584,352.52866376,144.75913192,195.13362,697.36426,768.36505,350.95206,145.92374
179.30914231999998,686.66415616,771.5658681599999,352.60264808,143.50166256,194.3813,696.88745,768.04584,351.20905,144.63397
179.29240656000002,686.8394608,771.50655872,352.67700408,142.09060295999998,193.66417,696.45966,768.1123,351.488,143.41286
179.35529296,686.98823928,771.38292752,352.7748412,140.6516404,192.95915,696.06946,767.94604,351.70538,142.10641
179.45482736000002,687.14458984,771.3651699200001,352.86802048,139.0533928,192.38171,695.62286,767.9562,352.10345,140.59875
179.62841848,687.3279735199999,771.48639848,352.97257144,137.23821536,191.7616,695.1902,767.6989,352.36716,138.90675
179.81018727999998,687.47053032,771.5876914400001,353.08168352,135.10808352,191.07669,694.7355,766.9177,352.4107,136.93562
180.01754952,687.62621088,771.76433504,353.16672224,132.77701528,190.6662,694.32324,767.27686,352.82977,134.92174
180.22706864,687.81061136,771.9884316,353.26281872,130.80891256,190.3283,693.9608,767.6812,353.19812,132.87108
180.42938584,687.99410824,772.17698144,353.34903472,129.4023052,189.62662,693.50696,767.20685,353.29364,130.14203
180.60879448,688.1640332,772.4228311999999,353.46302784,123.75897272,188.93095,693.08746,766.71747,353.37573,127.68166
180.79109728,688.3515896800001,772.6115752,353.57548944,123.42458872,188.52509,692.53564,767.8073,353.93286,124.929306
180.98394048,688.5481112800001,772.8718731199999,353.72312648,123.3001708,187.96349,692.24347,767.5092,354.03644,123.657455
181.17899016,688.72251848,773.1443448,353.86859328,123.2535792,187.53221,691.9923,767.25714,354.1836,122.80266
181.35886592,688.9374814399999,773.54765728,354.02067608,123.24583656,187.51651,691.87146,767.9596,354.61316,122.81172
181.58976128,689.1724315199999,773.78928032,354.14209936,123.22918976,187.27885,691.768,768.13885,354.76315,123.00032
181.79894712,689.397694,773.97544752,354.27773704,123.2503664,186.8987,691.56586,767.594,354.77652,122.8593
182.0179612,689.628502,774.18848448,354.35803672000003,123.31772696,186.6383,691.41595,767.6105,354.99387,122.79562
182.20298856,689.8789932,774.4621219200001,354.5066992,123.3606468,186.52094,691.3184,768.0303,355.3233,122.77554
182.39676776,690.17755368,774.8559472,354.59867888,123.4662212,186.39677,691.26953,768.4765,355.61044,122.85105
182.55417208,690.4932676,775.2929838399999,354.69945376000004,123.5805724,186.17479,691.2792,768.2901,355.62628,122.831665
182.69172992,690.80363792,775.7366327200001,354.84464768,123.73380376,185.99007,691.3473,768.27814,355.66266,122.89911
182.811696,691.1279278400001,776.19703992,354.9980176,123.90414992,185.96785,691.4746,768.8376,355.90988,123.06286
182.94038608,691.4608731200001,776.56941408,355.15185376,124.08975672,185.94284,691.6491,769.32245,356.08347,123.30648
183.06949424,691.76774992,776.89637976,355.28500208,124.2623176,185.92708,691.8459,769.52527,356.2011,123.537384
183.23811,692.11128832,777.1827168000001,355.427152,124.45843184,186.00546,692.0792,769.9379,356.41937,123.746025
183.3908988,692.39885448,777.4371223200001,355.5404824,124.66186592,185.9545,692.287,769.49133,356.34836,123.81706
183.52721648,692.69165248,777.79623224,355.66678424,124.85075248,186.15971,692.52386,770.12213,356.63208,124.06896
183.72831608,693.0044396000001,778.22254304,355.78551808,125.09816368,186.37148,692.837,770.72534,356.80972,124.46699
183.898416,693.2806660000001,778.67259784,355.94921288,125.33240272,186.41907,693.0736,770.40137,356.6962,124.518486
184.06316776,693.54810056,779.06002936,356.09067968000005,125.52252856,186.65294,693.3712,770.81213,356.83075,124.724106
184.23396744,693.8265937599999,779.5167294400001,356.24793216,125.72371984,186.93236,693.659,771.3938,357.02747,125.00717
184.39912968,694.09776184,780.0207752000001,356.46091392,125.90875072,187.175,693.9857,771.7883,357.14365,125.21133
184.5675588,694.38024232,780.6245506399999,356.68404976,126.08360664,187.46248,694.3057,772.31647,357.34763,125.32257
184.70312896,694.67454512,781.1896231200001,356.86712696,126.23992208,187.74055,694.62054,772.71545,357.49213,125.3355
184.81530592,694.9498828000001,781.71969352,357.05565391999994,126.42861504,187.91112,694.9802,772.883,357.48264,125.47086
184.93292608,695.2022608799999,782.2803522400001,357.32040624,126.6125524,188.16673,695.35455,773.3082,357.58807,125.67107
185.025548,695.46135568,782.7589804,357.54046824,126.73666672,188.49629,695.71295,773.9453,357.8338,125.78476
185.13336368,695.69383184,783.1380475999999,357.76807256,126.89144072,188.7742,696.07153,774.4987,357.9923,126.04512
185.2885164,695.9760276,783.36023728,358.00748776,127.07536816,189.17918,696.44727,775.2004,358.3119,126.22197
185.43773376,696.2397647199999,783.5771211199999,358.22584536,127.2616088,189.38014,696.79767,774.89075,358.31247,126.17262
185.58188824,696.52068448,783.81663496,358.47460720000004,127.4582584,189.69179,697.17725,774.9461,358.42667,126.266335
185.75392856,696.7729455200001,784.05897648,358.77017432,127.6504264,190.02599,697.6053,775.0755,358.5192,126.497086
185.91731648,697.05372168,784.22953208,358.98494192,127.8258392,190.4642,697.99054,775.4957,358.8098,126.55607
186.09561136,697.3382996800001,784.29504392,359.163362,128.0386476,190.76659,698.39185,775.36066,358.8316,126.654686
186.23600584,697.60930552,784.3125656799999,359.33906904,128.26191183999998,191.08546,698.79663,775.14557,358.8525,126.74026
186.39745176,697.92414736,784.4490116,359.53821656,128.500974,191.56314,699.24884,775.667,359.1151,127.11519
186.60516368,698.26512896,784.6723321599999,359.70986104,128.75740744,191.96298,699.713,775.8969,359.2395,127.36411
186.79232128,698.62712696,784.90507528,359.88706048,128.95562991999998,192.33084,700.15094,775.8551,359.31192,127.32284
186.9671992,699.00300984,785.135756,360.06918984000004,129.16668848,192.6841,700.66565,775.84674,359.3173,127.440926
187.16602168,699.34280864,785.37385264,360.27480072,129.36679336,192.96567,701.1695,775.7261,359.2092,127.74638
187.38423744,699.64395424,785.58835656,360.482648,129.55540912,193.36903,701.6322,776.0144,359.34338,127.90866
187.60315912,699.9295918400001,785.8163357599999,360.68302616,129.71881272000002,193.8565,702.0853,776.5114,359.6283,128.00027
187.81507072,700.2098282400001,786.0770828000001,360.9469304,129.93996896000002,194.25758,702.4861,776.7225,359.72736,128.2211
188.09141704,700.45520288,786.20524904,361.1842612,130.1303,194.53241,702.881,776.56415,359.65176,128.52776
188.34164936,700.67890984,786.31559968,361.4474628,130.28308168,194.96857,703.19055,776.6053,359.86664,128.4101
188.54174384,700.95735672,786.4060568799999,361.69400888,130.46376791999998,195.5181,703.5288,777.21906,360.31097,128.41829
188.76554656,701.23569216,786.5611084799999,361.93446288,130.63803856,195.82158,703.8952,777.19257,360.37396,128.71443
188.95042624,701.55260176,786.71639448,362.15803944,130.7460724,196.09453,704.222,776.95984,360.41086,128.75952
189.09508936,701.81352224,786.81653624,362.40608832,130.82561687999998,196.24637,704.60364,776.4655,360.28433,128.91982
189.28002088,702.1037228,786.89346688,362.63004272,130.9048104,196.64053,704.98004,777.19495,360.6613,129.17484
189.43506280000005,702.3896690400001,787.05018352,362.87727552,130.9800588,196.94171,705.2929,777.2953,360.88034,129.09305
189.60059664,702.70924096,787.2295331199999,363.10601296,131.08289936,197.19296,705.62646,777.3916,361.06598,129.06223
189.70696928,703.0162068799999,787.4017716799999,363.32475304,131.12675792,197.33466,705.954,777.08093,361.07907,129.04979
189.85160976,703.3610472,787.5054640000001,363.56347984,131.17995896,197.55872,706.3198,777.4887,361.25446,129.37756
190.01910464,703.70009288,787.5006407999999,363.78517048,131.25853752,197.72807,706.6964,777.3836,361.365,129.42012
190.17293888,704.08261608,787.518134,364.026056,131.27307632,197.96767,707.0161,777.442,361.65552,129.23103
190.29552968,704.48044648,787.55610864,364.23514888,131.3001212,198.15097,707.4072,777.3239,361.82584,129.21698
190.48037184,704.9111436000001,787.6397537600001,364.50746128,131.34377264,198.31291,707.82874,777.4693,361.9622,129.4939
190.65987616,705.3292960800001,787.65916312,364.74845816,131.37047791999998,198.45631,708.2575,777.21735,362.07474,129.47871
190.8857004,705.75874016,787.70416312,364.98706496,131.3978364,198.69507,708.65735,777.40784,362.33478,129.51193
191.10190064,706.1651785600001,787.80546296,365.18975248,131.45501032,198.89795,709.06213,777.2919,362.51407,129.41127
191.3477356,706.53342584,788.01708408,365.39792312,131.48891856,199.10544,709.4436,777.3472,362.65695,129.4869
191.59912240000003,706.8802528,788.25710752,365.53798056,131.52036872,199.28606,709.7976,777.2888,362.7186,129.53679
191.86496896,707.12232536,788.51014944,365.697218,131.5591412,199.3551,710.0986,776.80554,362.5481,129.63809
192.15541856,707.36591592,788.81171184,365.86365192,131.64929792,199.69499,710.331,777.4879,362.85278,129.66762
192.4480356,707.61719032,789.1369108800001,365.99044216,131.68511096,199.95622,710.53265,777.743,363.00998,129.58124
192.71866512,707.8946895199999,789.5186788000001,366.15357424,131.71761456000002,200.26543,710.75275,778.2894,363.20453,129.57219
193.004386,708.27560928,789.9230100799999,366.23452864,131.74347712,200.67464,711.06696,779.47876,363.53104,129.82869
193.35940752,708.70367056,790.33071088,366.31211768,131.80801576,200.8063,711.41046,779.5173,363.39633,130.03526
193.69118344,709.12130776,790.6095419999999,366.35863872,131.86960496,200.8742,711.72815,778.7783,363.08807,129.8746
194.04439648,709.46794328,790.8804252,366.39925488,131.90257656,201.00795,712.0891,778.4278,362.90778,129.86325
194.3902344,709.76842776,791.13586448,366.46762344,131.98979336,201.35474,712.3903,778.98987,363.08505,129.84831
194.72851984,710.01183104,791.4237616,366.48958008,132.06185096,201.7169,712.6865,779.66034,363.25775,130.03438
195.12156352,710.23077632,791.79776048,366.49372944,132.16847864,202.07846,712.95245,780.4689,363.4108,130.39075
195.55469048,710.4334140799999,792.1147804,366.50191120000005,132.23519303999998,202.34172,713.1256,780.6249,363.37668,130.47824
195.9593832,710.5950058399999,792.3653346400001,366.48824008,132.27585776,202.51271,713.24066,780.1814,363.1902,130.3893
196.40111688,710.72692104,792.61352256,366.4814384,132.2795212,202.7579,713.3551,780.22845,363.1591,130.5085
196.81290256,710.8291416,792.8249198399999,366.48426096,132.37355504,203.14536,713.4302,780.64056,363.37756,130.40054
197.21145808,710.98546208,793.1660028,366.49048848,132.43030944,203.58359,713.5019,781.4321,363.74026,130.4001
197.564536,711.1257293599999,793.5482324,366.48591936,132.47021464,203.74858,713.6141,781.21,363.64154,130.54015
197.9385532,711.23048264,793.92141112,366.44039296000005,132.47485215999998,203.94263,713.75287,781.43835,363.65125,130.93715
198.3346284,711.3496423199999,794.34255064,366.49833896,132.50614416,204.25208,713.83746,782.0159,363.85614,131.14093
198.73556536,711.40955552,794.66575864,366.52530664,132.5183868,204.37613,713.89825,781.63715,363.81647,131.06142
199.0795888,711.42851968,795.00809264,366.57723504,132.56887591999998,204.64064,713.888,781.7678,363.96152,130.80045
199.36190712,711.4676768,795.28312624,366.53513576,132.61728368,205.03975,713.9048,782.68475,364.1593,130.75644
199.623256,711.53520504,795.42992008,366.01798632,132.61987048,205.24448,713.925,783.0896,364.07065,130.895
199.82253584,711.6251308000001,795.5206961599999,365.35627352000006,132.67368848,205.25835,713.9499,782.7733,363.66837,130.96964
200.01092192,711.7031063999999,795.5449667199999,364.6312159200001,132.75207928,205.25233,714.0229,782.64166,363.0782,131.27116
200.24777904,711.8350332800001,795.61436816,363.3459596,132.86270128,205.37717,714.1011,783.1353,362.50342,131.55742
200.49488416,711.96215536,795.78007416,361.75088952,132.94405288,205.39345,714.1767,782.9935,361.5307,131.63799
200.77578816,712.1513829600001,796.05887568,360.545668,133.0341428,205.51935,714.26306,783.4066,360.50317,131.75487
201.0604352,712.33330176,796.41686896,359.51431776,133.056706,205.59601,714.41394,783.4481,359.40787,131.82039
201.38689528,712.5839195200001,796.82186144,358.7768268,133.09996896,205.8286,714.5672,784.263,358.64697,131.91907
201.68864056,712.8240175200001,797.1039382399999,358.20172048,133.20553288,205.93147,714.7799,784.2386,357.79507,131.90385
202.01325544,713.0957832,797.32863976,357.73868712,133.28747928,206.06137,715.006,784.3758,357.16196,132.12846
202.34629048,713.2720635999999,797.61492496,357.38053928,133.40895752,206.12128,715.2655,784.0737,356.53046,132.36612
202.69507512,713.48406072,798.02197832,357.00266984,133.52604232,206.54495,715.4786,785.28644,356.55493,132.59203
203.05629928,713.6721619199999,798.45517864,356.6491184,133.68282744,206.68716,715.6748,785.36475,356.18353,132.77934
203.41058472,713.8149151199999,798.93724296,356.23810368,133.86998672,206.81604,715.8525,785.2446,355.83826,132.85605
203.70135648,713.9872576800001,799.42296216,356.10736576000005,134.06041648,207.097,715.9673,785.92596,355.80664,132.93205
203.95072224,714.1286491999999,799.9479808,355.99155512,134.25513311999998,207.29701,716.1652,786.5043,355.7673,133.29886
204.21793264,714.34160848,800.60061176,355.99732576,134.48692232,207.56192,716.3514,787.58386,355.94992,133.6846
204.4025916,714.5096092,801.1756328,355.9858236,134.6936084,207.51624,716.532,787.2592,355.6853,133.77739
204.59891848,714.6583808800001,801.80900368,356.01238984,134.90768424,207.55772,716.73535,787.7236,355.6706,134.19371
204.76857592,714.77039152,802.3288904799999,356.02895824,135.08439776,207.65347,716.93536,788.4124,355.76797,134.5849
204.99428312,714.8336316799999,802.81976776,356.05662616,135.29816152,207.7873,717.1059,789.3211,355.9523,135.06937
205.24511344,714.9021152,803.3213342399999,356.13277880000004,135.5295904,207.97704,717.201,790.07043,356.23526,135.1634
205.44308048,714.95144848,803.74563272,356.24660504,135.79329616,207.9527,717.2457,789.9245,356.21024,135.13246
205.64647856,714.94705544,804.0275956,356.4728264,136.08751368,207.90312,717.3298,789.9027,356.12683,135.54025
205.83779088,714.93439816,804.2241423199999,356.67720728,136.37401832,208.10844,717.3979,790.73914,356.51428,135.96637
206.0451432,714.99614168,804.4652616799999,356.91932256,136.74284792,208.3142,717.46893,791.47205,356.90634,136.39507
206.25253368000003,715.00485856,804.6478164800001,357.15639711999995,137.08625487999998,208.2132,717.55597,791.08154,356.87494,136.72188
206.44877168,715.08256088,804.8189334399999,357.40708440000003,137.41429248,208.37172,717.6304,791.55396,357.26407,137.03105
206.65946096,715.13009496,804.9855839200001,357.68824416,137.69925368,208.3322,717.75555,791.4258,357.33896,137.49713
206.891538,715.18494744,805.0745624,358.00358784,137.97350456,208.43578,717.8742,791.7409,357.66937,137.89832
207.14310216,715.22351272,805.02696656,358.30841864,138.2365076,208.54816,717.97894,791.8989,358.0187,138.1644
207.38887608,715.28398256,804.9761208000001,358.66438328,138.46365864,208.62993,718.0468,791.7959,358.3594,138.27267
207.62039048,715.29209768,804.88394952,359.07349792,138.64737295999998,208.59293,718.1259,791.2917,358.48642,138.447
207.88021544,715.30348056,804.7517071200001,359.44598440000004,138.83005824,208.76253,718.1864,791.5845,359.03665,138.72137
208.15007224,715.37594232,804.49021304,359.880978,139.00004256,208.93225,718.2617,791.7183,359.53452,138.9593
208.46919648,715.38398264,804.17864456,360.27013512,139.14538464,208.91661,718.36194,791.2221,359.6941,139.33049
208.8650272,715.51183104,803.8774124800001,360.71888288,139.32407752,209.2196,718.4521,791.6063,360.36853,139.65767
209.30892904,715.57230584,803.6436131199999,361.2059248,139.46221552,209.19533,718.5522,790.62634,360.38422,139.82124
209.8258988,715.6988399200001,803.45940032,361.70610544,139.61540671999998,209.50552,718.6211,790.63684,360.978,139.81601
210.29383712,715.8076376800001,803.3040701599999,362.15351824,139.70204040000002,209.71072,718.6869,790.0416,361.32782,139.57178
210.73037048,715.9402042400001,803.16975784,362.61758688,139.81472064,210.03593,718.83014,790.2022,361.83685,139.8033
211.20377304,716.06188656,802.9832618400001,363.03044768,139.89641519999998,210.28835,718.99536,790.39954,362.2394,140.284
211.67442768,716.18339176,802.80119744,363.49186672,139.9450564,210.4836,719.0913,790.05634,362.54874,140.36546
212.13750768000003,716.2323604000001,802.6403748,363.96771056,139.9812396,210.51892,719.1173,789.0906,362.6408,140.24323
212.51740616,716.2173106399999,802.4744881600001,364.3729148,139.9549948,210.74348,719.1144,788.8479,363.05844,140.16986
212.95454496,716.2116348000001,802.31215624,364.7531324,139.90424312,211.10883,719.1205,789.6155,363.67953,140.59091
213.41110784,716.19414248,802.1312403999999,365.10737336,139.81888976,211.34036,719.06354,789.61444,364.04352,140.62984
213.8786868,716.24135376,801.9929375199999,365.35387384,139.78477655999998,211.55997,718.9558,789.3784,364.3548,140.42387
214.280824,716.25716616,801.8000978399999,365.5905488,139.71577656,211.59607,718.88934,788.52277,364.41327,140.277
214.72360904,716.3191512000001,801.57916216,365.69038288,139.59940360000002,211.88034,718.89954,788.84924,364.71133,140.49393
215.1904968,716.4245204800001,801.2745724800001,365.746778,139.48835248,212.0395,718.86884,788.4181,364.82297,140.30904
215.53257568,716.48946104,800.92799432,365.69047472,139.3122656,212.09729,718.8158,787.36694,364.76248,139.81897
215.87033296,716.62489264,800.6296892,365.5503836,139.13699648,212.37735,718.8186,788.0346,364.67752,139.96837
216.22556032,716.77581848,800.3670332,364.32300096,138.97516584000002,212.46164,718.8327,788.0059,364.25543,140.05663
216.56229392,716.97838384,800.04639464,361.45836728,138.80935096,212.4449,718.8117,787.4317,363.39822,139.79337
216.82655128,717.13121312,799.73250376,359.41803608000004,138.63278504,212.23337,718.79254,786.3218,361.69244,139.50813
217.0575732,717.33695376,799.45844352,358.81956576,138.42587392,212.29106,718.7848,786.5606,360.6893,139.33461
217.1979536,717.53163656,799.1487674399999,358.49389864,138.23154871999998,212.28325,718.8027,786.52313,359.9795,139.11691
217.35926888000003,717.81362824,798.84761048,358.33740888,138.0588876,212.33817,718.84814,787.1428,359.59525,139.30177
217.58471224,718.13459456,798.56808312,358.27304864,137.92629712,212.12468,718.9376,786.34454,359.0742,139.24776
217.77277104,718.41694312,798.29882232,358.19789392,137.75004504,211.84254,718.9835,784.84265,358.72226,138.78923
217.97125792,718.7323553599999,798.03478008,358.05933512,137.55616792,211.92513,719.08636,785.11456,358.92844,138.67438
218.23970928,719.08586512,797.9052656,357.95373848,137.35468704000002,212.02144,719.2102,785.49976,359.1938,138.66502
218.49418792,719.47754456,797.75802448,357.91067368000006,137.22110896,212.05666,719.305,785.36053,359.3073,138.30807
218.74975168,719.91395608,797.61754608,357.821996,137.09663288,211.96095,719.4,784.7385,359.16595,138.05103
218.98956608,720.32468096,797.41356544,357.66388440000003,136.96463808,211.74667,719.5223,783.61847,358.77808,137.84763
219.1814408,720.7171961600001,797.2110048,357.49172064,136.73282,211.76341,719.66943,783.56006,358.77167,137.78758
219.42922896,721.1311651999999,796.9627588,357.31488024,136.55182312,211.95708,719.8542,784.4333,359.0474,137.89308
219.67318304,721.59949512,796.8083359999999,357.1314056,136.34841584,212.00342,719.9706,784.2862,359.06006,137.52582
219.88383056,722.0364393599999,796.64586144,356.98181296,136.14202312,211.73216,720.0589,782.86725,358.58618,137.05307
220.07801192,722.42857816,796.37841304,356.815804,135.94140063999998,211.67023,720.18945,782.4346,358.40195,136.85388
220.28597808,722.85686512,796.06539032,356.6876424,135.79454568,211.85497,720.34906,783.1286,358.60794,136.87227
220.54910296000003,723.2880476,795.65753032,356.54294864,135.68451976,211.83447,720.4908,782.7957,358.50027,136.88863
220.84354832,723.7173741600001,795.17001168,356.47775728,135.56912208,211.79659,720.592,781.8825,358.30612,136.65268
221.1465248,724.12920664,794.6586651199999,356.52706864,135.44048744,211.87808,720.69775,781.33563,358.3018,136.37415
221.47163536,724.59679704,794.24260328,356.5128468,135.35726984,212.14752,720.83655,781.5655,358.58676,136.2368
221.83608992,725.09438704,793.8426795199999,356.43372552,135.26371608,212.19713,720.97876,780.7967,358.46402,136.12982
222.18418184,725.5483546400001,793.3889604,356.35223296,135.16605936,212.19891,721.1382,779.4195,358.16095,135.88008
222.54056624,726.00893392,792.95013384,356.34353448,135.06898176,212.44101,721.30505,779.34564,358.3534,135.79132
222.91471808,726.49387304,792.61521392,356.47370376,135.07636176,212.7207,721.49854,779.39526,358.6175,135.75484
223.3093524,726.9900243999999,792.3322948,356.70133112,135.10507608,212.9073,721.6819,778.92535,358.7256,135.71765
223.69100112,727.4722586400001,792.0715950399999,356.91529735999995,135.10356328,213.12393,721.8935,778.4898,358.86667,135.72385
224.12828264,727.97843632,791.89924888,357.14570544000003,135.04755016,213.43294,722.1359,778.6527,359.17218,135.8832
224.60256376,728.48914824,791.8039297600001,357.28126984000005,134.99083384,213.63309,722.33575,777.999,359.27673,135.67734
225.03279296,728.9392092800001,791.72294352,357.28597240000005,134.90487384,213.80266,722.5047,777.05286,359.26443,135.211
225.43863744,729.40483112,791.7092819200001,357.33700904,134.8354632,214.16724,722.7074,777.53674,359.6225,135.1182
225.87061976,729.8529198399999,791.80673944,357.42323232,134.82095464,214.49402,722.98096,778.0351,359.83853,135.39075
226.3840312,730.3677248,791.87408608,357.51609872,134.82496848,214.79454,723.2146,778.34827,359.97913,135.58919
226.86574016,730.79850208,791.9675176,357.66551192,134.85245232,214.87935,723.4456,777.1476,359.66385,135.49776
227.4570512,731.23842376,792.1134132799999,357.90352552,134.90842712,215.34126,723.6898,777.96906,360.11505,135.62405
228.00068688,731.74101768,792.3228406400001,358.20410680000003,134.95597672,215.83551,723.8838,778.22174,360.5679,135.23985
228.47596672,732.16882224,792.4081123200001,358.44629328,135.0512204,215.97403,724.1127,777.2472,360.44205,135.18002
228.98001648,732.61000984,792.47572056,358.70012752,135.13168336,216.39334,724.36285,777.6972,360.7929,135.49088
229.4337608,733.0618078399999,792.55867552,358.9430792,135.21891104,216.73962,724.5666,777.5821,361.04483,135.46802
229.8761824,733.48823928,792.5884024000001,359.16283496000005,135.26530848000002,217.01355,724.8255,777.328,361.15903,135.6293
230.31827832,733.937288,792.62382984,359.35208344,135.33179736,217.45343,725.12244,778.10333,361.6145,135.93355
230.71072688,734.39906544,792.59121296,359.42451552,135.37515712,217.82675,725.4977,779.0767,362.06113,136.36844
231.14643696,734.7856367200001,792.57074008,359.47298128,135.42229736,218.04893,725.82654,779.55133,362.28226,136.77266
231.55378536,735.14742688,792.62188672,359.60841432,135.47102856,218.13464,725.945,778.4981,362.21747,136.0928
